{
  "xgb": {
    "max_depth": 3,
    "learning_rate": 0.011193749533359866,
    "n_estimators": 300,
    "subsample": 0.7973258834251536,
    "colsample_bytree": 0.9435500426183566,
    "min_child_weight": 12,
    "reg_alpha": 0.0010241564167971146,
    "reg_lambda": 0.023839095085314205,
    "gamma": 1.3243249742334677
  },
  "lgbm": {
    "max_depth": 3,
    "learning_rate": 0.012391223950981644,
    "n_estimators": 300,
    "subsample": 0.7674406960714883,
    "colsample_bytree": 0.8391757962757507,
    "min_child_samples": 31,
    "reg_alpha": 0.010782218937676457,
    "reg_lambda": 0.21056688039811064,
    "num_leaves": 38
  },
  "cat": {
    "depth": 4,
    "learning_rate": 0.010104873055346386,
    "iterations": 750,
    "l2_leaf_reg": 3.9518678932161597,
    "bagging_temperature": 0.8596498751955511
  }
}